Workbook

Sheet Midsem
A1: Vivekanand Education Society's Institute of Technology
A2: Department of Humanities and Applied Science(FE)
A3: Academic Year :2024-2025
A5: Subject : Universal Human Values - 1 Class : D5B
A6: Subject Teacher :s Semester : I
A7: Number of Students =1
A8: Roll Nos. | B8: 1a (2) | C8: 1b (2) | D8: 1c (2) | E8: 1d (2) | F8: 1e (2) | G8: 1f (2) | H8: Q1 | I8: 2a (5) | J8: 2b (5) | K8: Q2 | L8: 3a (5) | M8: 3b (5) | N8: Q3 | O8: Total
A9: COs | B9: CO1 | C9: CO1 | D9: CO1 | E9: CO1 | F9: CO1 | G9: CO1 | I9: CO1 | J9: CO1 | L9: CO1 | M9: CO1 | O9: 20
A10: 1 | H10: =ROUND(SUM(B10:G10),0) | K10: =ROUND(SUM(I10:J10),0) | N10: =ROUND(SUM(L10:M10),0) | O10: =ROUND(SUM(H10,K10,N10),0)
A11: Count(Attempted) | B11: =COUNT(B10:B10) | C11: =COUNT(C10:C10) | D11: =COUNT(D10:D10) | E11: =COUNT(E10:E10) | F11: =COUNT(F10:F10) | G11: =COUNT(G10:G10) | H11: =COUNT(H10:H10) | I11: =COUNT(I10:I10) | ... O11: =COUNT(O10:O10)
A12: Average Marks | B12: =IF(COUNT(B10:B10)=0, "-", ROUND(AVERAGE(B10:B10), 0)) | C12: =IF(COUNT(C10:C10)=0, "-", ROUND(AVERAGE(C10:C10), 0)) | D12: =IF(COUNT(D10:D10)=0, "-", ROUND(AVERAGE(D10:D10), 0)) | E12: =IF(COUNT(E10:E10)=0, "-", ROUND(AVERAGE(E10:E10), 0)) | F12: =IF(COUNT(F10:F10)=0, "-", ROUND(AVERAGE(F10:F10), 0)) | G12: =IF(COUNT(G10:G10)=0, "-", ROUND(AVERAGE(G10:G10), 0)) | H12: =IF(COUNT(H10:H10)=0, "-", ROUND(AVERAGE(H10:H10), 0)) | I12: =IF(COUNT(I10:I10)=0, "-", ROUND(AVERAGE(I10:I10), 0)) | ... O12: =IF(COUNT(O10:O10)=0, "-", ROUND(AVERAGE(O10:O10), 0))
A13: Count(>=1%) | B13: =COUNTIF(B10:B10,">=0.02") | C13: =COUNTIF(C10:C10,">=0.02") | D13: =COUNTIF(D10:D10,">=0.02") | E13: =COUNTIF(E10:E10,">=0.02") | F13: =COUNTIF(F10:F10,">=0.02") | G13: =COUNTIF(G10:G10,">=0.02") | H13: =COUNTIF(H10:H10,">=0.05") | I13: =COUNTIF(I10:I10,">=0.05") | J13: =COUNTIF(J10:J10,">=0.05") | K13: =COUNTIF(K10:K10,">=0.05") | L13: =COUNTIF(L10:L10,">=0.05") | M13: =COUNTIF(M10:M10,">=0.05") | N13: =COUNTIF(N10:N10,">=0.05") | O13: =COUNTIF(O10:O10,">=0.05")
A14: % Count(>=1% w.r.t appeared) | B14: =ROUND(IFERROR(B13/B11, 0)*100, 1) | C14: =ROUND(IFERROR(C13/C11, 0)*100, 1) | D14: =ROUND(IFERROR(D13/D11, 0)*100, 1) | E14: =ROUND(IFERROR(E13/E11, 0)*100, 1) | F14: =ROUND(IFERROR(F13/F11, 0)*100, 1) | G14: =ROUND(IFERROR(G13/G11, 0)*100, 1) | H14: =ROUND(IFERROR(H13/H11, 0)*100, 1) | I14: =ROUND(IFERROR(I13/I11, 0)*100, 1) | ... O14: =ROUND(IFERROR(O13/O11, 0)*100, 1)
A15: Count(>=Average Marks of class) | B15: =COUNTIF(B10:B10,">="&B12) | C15: =COUNTIF(C10:C10,">="&C12) | D15: =COUNTIF(D10:D10,">="&D12) | E15: =COUNTIF(E10:E10,">="&E12) | F15: =COUNTIF(F10:F10,">="&F12) | G15: =COUNTIF(G10:G10,">="&G12) | H15: =COUNTIF(H10:H10,">="&H12) | I15: =COUNTIF(I10:I10,">="&I12) | ... O15: =COUNTIF(O10:O10,">="&O12)
A16: % Count(>=Average Marks of class w.r.t appeared) | B16: =ROUND(IFERROR(B15/B11, 0)*100, 1) | C16: =ROUND(IFERROR(C15/C11, 0)*100, 1) | D16: =ROUND(IFERROR(D15/D11, 0)*100, 1) | E16: =ROUND(IFERROR(E15/E11, 0)*100, 1) | F16: =ROUND(IFERROR(F15/F11, 0)*100, 1) | G16: =ROUND(IFERROR(G15/G11, 0)*100, 1) | H16: =ROUND(IFERROR(H15/H11, 0)*100, 1) | I16: =ROUND(IFERROR(I15/I11, 0)*100, 1) | ... O16: =ROUND(IFERROR(O15/O11, 0)*100, 1)
A17: AL(Based on >=1% Count) (All COs) | B17: =IF(B14<60,1,IF(AND(B14>59,B14<70),2,IF(AND(B14>69,B14<80),3,4))) | C17: =IF(C14<60,1,IF(AND(C14>59,C14<70),2,IF(AND(C14>69,C14<80),3,4))) | D17: =IF(D14<60,1,IF(AND(D14>59,D14<70),2,IF(AND(D14>69,D14<80),3,4))) | E17: =IF(E14<60,1,IF(AND(E14>59,E14<70),2,IF(AND(E14>69,E14<80),3,4))) | F17: =IF(F14<60,1,IF(AND(F14>59,F14<70),2,IF(AND(F14>69,F14<80),3,4))) | G17: =IF(G14<60,1,IF(AND(G14>59,G14<70),2,IF(AND(G14>69,G14<80),3,4))) | H17: =IF(H14<60,1,IF(AND(H14>59,H14<70),2,IF(AND(H14>69,H14<80),3,4))) | I17: =IF(I14<60,1,IF(AND(I14>59,I14<70),2,IF(AND(I14>69,I14<80),3,4))) | ... O17: =IF(O14<60,1,IF(AND(O14>59,O14<70),2,IF(AND(O14>69,O14<80),3,4)))
F20: COs | G20: AL
F21: CO1 | G21: =ROUND(AVERAGE(B17,C17,D17,E17,F17,G17,I17,J17,L17,M17),1)
F22: CO2 | G22: -
F23: CO3 | G23: -
F24: CO4 | G24: -
F25: CO5 | G25: -

Sheet Endsem
A1: Roll No. | B1: ESE(TH) (Max Marks: 60)
B2: ALL Qs
B3: CO1
A4: 1
A5: Count(Attempted) | B5: =COUNT(B4:B4)
A6: Average Marks | B6: =ROUND(AVERAGE(B4:B4), 0)
A7: Count(>=1%) | B7: =COUNTIF(B4:B4, ">=0.6")
A8: % Count(>=1% w.r.t appeared) | B8: =ROUND(B7 / B5 * 100, 1)
A9: Count(>=Average Marks of class) | B9: =COUNTIF(B4:B4, ">="&B6)
A10: % Count(>=Average Marks of class w.r.t appeared) | B10: =ROUND(B9 / B5 * 100, 1)
A11: AL(Based on >=1% Count) (All COs) | B11: =IF(B8<60, 1, IF(AND(B8>59, B8<70), 2, IF(AND(B8>69, B8<80), 3, 4)))
A14: COs | B14: AL
A15: CO1 | B15: =IF(B8<60, 1, IF(AND(B8>59, B8<70), 2, IF(AND(B8>69, B8<80), 3, 4)))
A16: CO2 | B16: -
A17: CO3 | B17: -
A18: CO4 | B18: -
A19: CO5 | B19: -

Sheet CA1
A1: Type :NPTEL Course
A3: CA Marksheet
A4: Maximum Marks = 10
A5: Roll No. | B5: CA1
B6: CO1
A7: 1
A8: Count(Attempted) | B8: =COUNT(B7:B7)
A9: Average Marks | B9: =ROUND(AVERAGE(B7:B7), 0)
A10: Count(>=1%) | B10: =COUNTIF(B7:B7, ">=0.1")
A11: % Count(>=1% w.r.t appeared) | B11: =ROUND(B10 / B8 * 100, 1)
A12: Count(>=Average Marks of class) | B12: =COUNTIF(B7:B7, ">="&B9)
A13: % Count(>=Average Marks of class w.r.t appeared) | B13: =ROUND(B12 / B8 * 100, 1)
A14: AL(Based on >=1% Count) (All COs) | B14: =IF(B11<60, 1, IF(AND(B11>59, B11<70), 2, IF(AND(B11>69, B11<80), 3, 4)))
B17: COs | C17: AL
B18: CO1 | C18: =ROUND(AVERAGE(B14),1)
B19: CO2 | C19: -
B20: CO3 | C20: -
B21: CO4 | C21: -
B22: CO5 | C22: -

Sheet CA2
A1: Type :NPTEL Course
A3: CA Marksheet
A4: Maximum Marks = 10
A5: Roll No. | B5: CA1
B6: CO11
A7: 1
A8: Count(Attempted) | B8: =COUNT(B7:B7)
A9: Average Marks | B9: =ROUND(AVERAGE(B7:B7), 0)
A10: Count(>=1%) | B10: =COUNTIF(B7:B7, ">=0.1")
A11: % Count(>=1% w.r.t appeared) | B11: =ROUND(B10 / B8 * 100, 1)
A12: Count(>=Average Marks of class) | B12: =COUNTIF(B7:B7, ">="&B9)
A13: % Count(>=Average Marks of class w.r.t appeared) | B13: =ROUND(B12 / B8 * 100, 1)
A14: AL(Based on >=1% Count) (All COs) | B14: =IF(B11<60, 1, IF(AND(B11>59, B11<70), 2, IF(AND(B11>69, B11<80), 3, 4)))
B17: COs | C17: AL
B18: CO1 | C18: -
B19: CO2 | C19: -
B20: CO3 | C20: -
B21: CO4 | C21: -
B22: CO5 | C22: -

Sheet Survey
A1: Sr. No. | B1: Email Address | C1: Full name of Student | D1: Roll No. | E1: Class | F1: Branch | G1: Q1 | H1: Q2 | I1: Q3 | J1: Q4 | K1: Q5
A2: 1 | E2: D5B | F2: Humanities and Applied Science(FE) | G2: 4 | H2: 5 | I2: 3 | J2: 4 | K2: 5
F5: Total | G5: =COUNT(G2:G2) | H5: =COUNT(H2:H2) | I5: =COUNT(I2:I2) | J5: =COUNT(J2:J2) | K5: =COUNT(K2:K2)
F6: SA + A Count | G6: =COUNTIF(G2:G2, ">=4") | H6: =COUNTIF(H2:H2, ">=4") | I6: =COUNTIF(I2:I2, ">=4") | J6: =COUNTIF(J2:J2, ">=4") | K6: =COUNTIF(K2:K2, ">=4")
F7: SA + A Percentage | G7: =ROUND((G6/G5*100), 1) | H7: =ROUND((H6/H5*100), 1) | I7: =ROUND((I6/I5*100), 1) | J7: =ROUND((J6/J5*100), 1) | K7: =ROUND((K6/K5*100), 1)
F8: CO Mapped | G8: CO1 | H8: CO2 | I8: CO3 | J8: CO4 | K8: CO5
F9: AL | G9: =IF(G7<60,1,IF(AND(G7>59,G7<70),2,IF(AND(G7>69,G7<80),3,4))) | H9: =IF(H7<60,1,IF(AND(H7>59,H7<70),2,IF(AND(H7>69,H7<80),3,4))) | I9: =IF(I7<60,1,IF(AND(I7>59,I7<70),2,IF(AND(I7>69,I7<80),3,4))) | J9: =IF(J7<60,1,IF(AND(J7>59,J7<70),2,IF(AND(J7>69,J7<80),3,4))) | K9: =IF(K7<60,1,IF(AND(K7>59,K7<70),2,IF(AND(K7>69,K7<80),3,4)))

Sheet Attainment
A1: Vivekanand Education Society's Institute of Technology
A2: Department of Humanities and Applied Science(FE)
A3: Academic Year :2024-2025
A5: Subject : Universal Human Values - 1 Class : D5B
A6: Subject Teacher :s Semester : I
A8: Course Outcomes(COs): Upon successful completion of this course, students will be able to:
A9: CO1 | B9: l
A10: CO2 | B10: l
A11: CO3 | B11: l
A12: CO4 | B12: l
A13: CO5 | B13: l
A16: CO Rubrics Mapping
A18: Assessment | B18: Direct Assessment | F18: Indirect Assessment
B19: Internal Assessment | E19: External Assessment
A20: CO's | B20: Mid Term Test | C20: CA1 | D20: CA2 | E20: ESE(TH) | F20: Course Exit Survey
A21: CO1 | B21: =IF(Midsem!G21="-"," ","✓") | C21: =IF(CA1!C18="-"," ","✓") | D21: =IF(CA2!C18="-"," ","✓") | E21: =IF(Endsem!B15="-"," ","✓") | F21: =IF(Survey!G9="-"," ","✓")
A22: CO2 | B22: =IF(Midsem!G22="-"," ","✓") | C22: =IF(CA1!C19="-"," ","✓") | D22: =IF(CA2!C19="-"," ","✓") | E22: =IF(Endsem!B16="-"," ","✓") | F22: =IF(Survey!H9="-"," ","✓")
A23: CO3 | B23: =IF(Midsem!G23="-"," ","✓") | C23: =IF(CA1!C20="-"," ","✓") | D23: =IF(CA2!C20="-"," ","✓") | E23: =IF(Endsem!B17="-"," ","✓") | F23: =IF(Survey!I9="-"," ","✓")
A24: CO4 | B24: =IF(Midsem!G24="-"," ","✓") | C24: =IF(CA1!C21="-"," ","✓") | D24: =IF(CA2!C21="-"," ","✓") | E24: =IF(Endsem!B18="-"," ","✓") | F24: =IF(Survey!J9="-"," ","✓")
A25: CO5 | B25: =IF(Midsem!G25="-"," ","✓") | C25: =IF(CA1!C22="-"," ","✓") | D25: =IF(CA2!C22="-"," ","✓") | E25: =IF(Endsem!B19="-"," ","✓") | F25: =IF(Survey!K9="-"," ","✓")
A28: CO Attainment (Level)
A30: Assessment | B30: Direct Assessment | G30: Indirect Assessment
B31: Internal Assessment | E31: External Assessment | F31: Attainment Level
A32: CO's | B32: Mid Term Test | C32: CA1 | D32: CA2 | E32: ESE(TH) | F32: 70% (External) + 30% (Internal) | G32: Course Exit Survey
A33: CO1 | B33: =Midsem!G21 | C33: =CA1!C18 | D33: =CA2!C18 | E33: =Endsem!B15 | F33: =IF(AND(E33="-", COUNTIF(B33:D33, "-")=3), "-", IF(E33="-", ROUND(0.3*AVERAGE(B33,C33,D33), 1), IF(COUNTIF(B33:D33, "-")=3, ROUND(0.7*E33, 1), ROUND(0.7*E33+0.3*(AVERAGE(B33,C33,D33)),1)))) | G33: =Survey!G9
A34: CO2 | B34: =Midsem!G22 | C34: =CA1!C19 | D34: =CA2!C19 | E34: =Endsem!B16 | F34: =IF(AND(E34="-", COUNTIF(B34:D34, "-")=3), "-", IF(E34="-", ROUND(0.3*AVERAGE(B34,C34,D34), 1), IF(COUNTIF(B34:D34, "-")=3, ROUND(0.7*E34, 1), ROUND(0.7*E34+0.3*(AVERAGE(B34,C34,D34)),1)))) | G34: =Survey!H9
A35: CO3 | B35: =Midsem!G23 | C35: =CA1!C20 | D35: =CA2!C20 | E35: =Endsem!B17 | F35: =IF(AND(E35="-", COUNTIF(B35:D35, "-")=3), "-", IF(E35="-", ROUND(0.3*AVERAGE(B35,C35,D35), 1), IF(COUNTIF(B35:D35, "-")=3, ROUND(0.7*E35, 1), ROUND(0.7*E35+0.3*(AVERAGE(B35,C35,D35)),1)))) | G35: =Survey!I9
A36: CO4 | B36: =Midsem!G24 | C36: =CA1!C21 | D36: =CA2!C21 | E36: =Endsem!B18 | F36: =IF(AND(E36="-", COUNTIF(B36:D36, "-")=3), "-", IF(E36="-", ROUND(0.3*AVERAGE(B36,C36,D36), 1), IF(COUNTIF(B36:D36, "-")=3, ROUND(0.7*E36, 1), ROUND(0.7*E36+0.3*(AVERAGE(B36,C36,D36)),1)))) | G36: =Survey!J9
A37: CO5 | B37: =Midsem!G25 | C37: =CA1!C22 | D37: =CA2!C22 | E37: =Endsem!B19 | F37: =IF(AND(E37="-", COUNTIF(B37:D37, "-")=3), "-", IF(E37="-", ROUND(0.3*AVERAGE(B37,C37,D37), 1), IF(COUNTIF(B37:D37, "-")=3, ROUND(0.7*E37, 1), ROUND(0.7*E37+0.3*(AVERAGE(B37,C37,D37)),1)))) | G37: =Survey!K9
A40: Final CO Attainment
C42: Course Outcomes | D42: Direct AL | E42: Indirect AL
C43: CO1 | D43: =IF(AND(E33="-", COUNTIF(B33:D33, "-")=3), "-", IF(E33="-", ROUND(0.3*AVERAGE(B33,C33,D33), 1), IF(COUNTIF(B33:D33, "-")=3, ROUND(0.7*E33, 1), ROUND(0.7*E33+0.3*(AVERAGE(B33,C33,D33)),1)))) | E43: =Survey!G9
C44: CO2 | D44: =IF(AND(E34="-", COUNTIF(B34:D34, "-")=3), "-", IF(E34="-", ROUND(0.3*AVERAGE(B34,C34,D34), 1), IF(COUNTIF(B34:D34, "-")=3, ROUND(0.7*E34, 1), ROUND(0.7*E34+0.3*(AVERAGE(B34,C34,D34)),1)))) | E44: =Survey!H9
C45: CO3 | D45: =IF(AND(E35="-", COUNTIF(B35:D35, "-")=3), "-", IF(E35="-", ROUND(0.3*AVERAGE(B35,C35,D35), 1), IF(COUNTIF(B35:D35, "-")=3, ROUND(0.7*E35, 1), ROUND(0.7*E35+0.3*(AVERAGE(B35,C35,D35)),1)))) | E45: =Survey!I9
C46: CO4 | D46: =IF(AND(E36="-", COUNTIF(B36:D36, "-")=3), "-", IF(E36="-", ROUND(0.3*AVERAGE(B36,C36,D36), 1), IF(COUNTIF(B36:D36, "-")=3, ROUND(0.7*E36, 1), ROUND(0.7*E36+0.3*(AVERAGE(B36,C36,D36)),1)))) | E46: =Survey!J9
C47: CO5 | D47: =IF(AND(E37="-", COUNTIF(B37:D37, "-")=3), "-", IF(E37="-", ROUND(0.3*AVERAGE(B37,C37,D37), 1), IF(COUNTIF(B37:D37, "-")=3, ROUND(0.7*E37, 1), ROUND(0.7*E37+0.3*(AVERAGE(B37,C37,D37)),1)))) | E47: =Survey!K9

Sheet PO Attainment
A1: Vivekanand Education Society's Institute of Technology
A2: Department of Humanities and Applied Science(FE)
A3: Academic Year :2024-2025
A5: Subject : Universal Human Values - 1 Class : D5B
A6: Subject Teacher :s Semester : I
A9: Programme Outcomes(POs):
A10: PO1) Basic Engineering knowledge: An ability to apply the fundamental knowledge in mathematics, science and engineering to solve problems in Computer engineering. PO2) Problem Analysis: Identify, formulate, research literature and analyze computer engineering problems reaching substantiated conclusions using first principles of mathematics, natural sciences and computer engineering and sciences. PO3) Design/ Development of Solutions: Design solutions for complex computer engineering problems and design system components or processes that meet specified needs with appropriate consideration for public health and safety, cultural, societal and environmental considerations. PO4) Conduct investigations of complex engineering problems using research-based knowledge and research methods including design of experiments, analysis and interpretation of data and synthesis of information to provide valid conclusions PO5) Modern Tool Usage: Create, select and apply appropriate techniques, resources and modern computer engineering and IT tools including prediction and modeling to complex engineering activities with an understanding of the limitations. PO6) The Engineer and Society: Apply reasoning informed by contextual knowledge to assess societal, health, safety, legal and cultural issues and the consequent responsibilities relevant to computer engineering practice. PO7) Environment and Sustainability: Understand the impact of professional computer engineering solutions in societal and environmental contexts and demonstrate knowledge of and need for sustainable development. PO8) Ethics: Apply ethical principles and commit to professional ethics and responsibilities and norms of computer engineering practice. PO9) Individual and Team Work: Function effectively as an individual, and as a member or leader in diverse teams and in multidisciplinary settings. PO10) Communication: Communicate effectively on complex engineering activities with the engineering community and with society at large, such as being able to comprehend and write effective reports and design documentation, make effective presentations and give and receive clear instructions PO11) Project Management and Finance: Demonstrate knowledge and understanding of computer engineering and management principles and apply these to one's own work, as a member and leader in a team, to manage projects and in multidisciplinary environments. PO12) Life-long Learning: Recognize the need for and have the preparation and ability to engage in independent and lifelong learning in the broadest context of technological change. PSO1) Professional Skills - The ability to develop programs for computer based systems of varying complexity and domains using standard practices. PSO2) Successful Career - The ability to adopt skills, languages, environment and platforms for creating innovative carrier paths, being successful entrepreneurs or for pursuing higher studies.
A12: CO - PO/PSO Mapping
A14: Course Outcomes | B14: Programme Outcomes | N14: PSOs
B15: PO1 | C15: PO2 | D15: PO3 | E15: PO4 | F15: PO5 | G15: PO6 | H15: PO7 | I15: PO8 | J15: PO9 | K15: PO10 | L15: PO11 | M15: PO12 | N15: PSO1 | O15: PSO2
A16: CO1
A17: CO2
A18: CO3
A19: CO4
A20: CO5
A23: Direct PO Attainment
A25: Course Outcomes(COs) | B25: Programme Outcomes(POs) | N25: PSOs
B26: PO1 | C26: PO2 | D26: PO3 | E26: PO4 | F26: PO5 | G26: PO6 | H26: PO7 | I26: PO8 | J26: PO9 | K26: PO10 | L26: PO11 | M26: PO12 | N26: PSO1 | O26: PSO2
A27: CO1 | B27: =Attainment!D43 | C27: =Attainment!D43 | D27: =Attainment!D43 | E27: =Attainment!D43 | F27: =Attainment!D43 | G27: =Attainment!D43 | H27: =Attainment!D43 | I27: =Attainment!D43 | J27: =Attainment!D43 | K27: =Attainment!D43 | L27: =Attainment!D43 | M27: =Attainment!D43 | N27: =Attainment!D43 | O27: =Attainment!D43
A28: CO2 | B28: =Attainment!D44 | C28: =Attainment!D44 | D28: =Attainment!D44 | E28: =Attainment!D44 | F28: =Attainment!D44 | G28: =Attainment!D44 | H28: =Attainment!D44 | I28: =Attainment!D44 | J28: =Attainment!D44 | K28: =Attainment!D44 | L28: =Attainment!D44 | M28: =Attainment!D44 | N28: =Attainment!D44 | O28: =Attainment!D44
A29: CO3 | B29: =Attainment!D45 | C29: =Attainment!D45 | D29: =Attainment!D45 | E29: =Attainment!D45 | F29: =Attainment!D45 | G29: =Attainment!D45 | H29: =Attainment!D45 | I29: =Attainment!D45 | J29: =Attainment!D45 | K29: =Attainment!D45 | L29: =Attainment!D45 | M29: =Attainment!D45 | N29: =Attainment!D45 | O29: =Attainment!D45
A30: CO4 | B30: =Attainment!D46 | C30: =Attainment!D46 | D30: =Attainment!D46 | E30: =Attainment!D46 | F30: =Attainment!D46 | G30: =Attainment!D46 | H30: =Attainment!D46 | I30: =Attainment!D46 | J30: =Attainment!D46 | K30: =Attainment!D46 | L30: =Attainment!D46 | M30: =Attainment!D46 | N30: =Attainment!D46 | O30: =Attainment!D46
A31: CO5 | B31: =Attainment!D47 | C31: =Attainment!D47 | D31: =Attainment!D47 | E31: =Attainment!D47 | F31: =Attainment!D47 | G31: =Attainment!D47 | H31: =Attainment!D47 | I31: =Attainment!D47 | J31: =Attainment!D47 | K31: =Attainment!D47 | L31: =Attainment!D47 | M31: =Attainment!D47 | N31: =Attainment!D47 | O31: =Attainment!D47
A34: Direct PO Attainment (After Applying CO-PO Mapping)
A36: Course Outcomes(COs) | B36: Programme Outcomes(POs) | N36: PSOs
B37: PO1 | C37: PO2 | D37: PO3 | E37: PO4 | F37: PO5 | G37: PO6 | H37: PO7 | I37: PO8 | J37: PO9 | K37: PO10 | L37: PO11 | M37: PO12 | N37: PSO1 | O37: PSO2
A38: CO1
A39: CO2
A40: CO3
A41: CO4
A42: CO5
A44: Avg PO | B44: =ROUND(AVERAGE(B38:B43),1) | C44: =ROUND(AVERAGE(C38:C43),1) | D44: =ROUND(AVERAGE(D38:D43),1) | E44: =ROUND(AVERAGE(E38:E43),1) | F44: =ROUND(AVERAGE(F38:F43),1) | G44: =ROUND(AVERAGE(G38:G43),1) | H44: =ROUND(AVERAGE(H38:H43),1) | I44: =ROUND(AVERAGE(I38:I43),1) | ... O44: =ROUND(AVERAGE(O38:O43),1)
A47: AL | B47: %
A48: 1 | B48: 40
A49: 2 | B49: 60
A50: 3 | B50: 100

Sheet CO Information
A1: Basic Information
A3: TargetCA1Text | B3: 1
A4: TargetCA2Text | B4: 1
A5: TargetCA3Text | B5: -
A6: TargetMidTermText | B6: 1
A7: TargetEndSemText | B7: 1
A9: No. of COs | B9: 5
